lake,lake_id,site_id,var_aeme,units,depth_from,depth_to,datetime,value,flag_detection
wainamu,45819,44616,PHY_cyano,mm^3/L,0,0,2019-08-07,0.031,NA
wainamu,45819,44616,CHM_salt,ppt,0,0,2019-08-07,0.11,NA
wainamu,45819,44616,RAD_secchi,m,0,0,2019-08-07,2.1,NA
wainamu,45819,44616,HYD_temp,degC,0,0,2019-08-07,11.85,NA
wainamu,45819,44616,CHM_salt,ppt,1,1,2019-08-07,0.11,NA
wainamu,45819,44616,HYD_temp,degC,1,1,2019-08-07,11.8,NA
wainamu,45819,44616,CHM_salt,ppt,10,10,2019-08-07,0.11,NA
wainamu,45819,44616,HYD_temp,degC,10,10,2019-08-07,11.72,NA
wainamu,45819,44616,CHM_salt,ppt,11,11,2019-08-07,0.11,NA
wainamu,45819,44616,HYD_temp,degC,11,11,2019-08-07,11.71,NA
wainamu,45819,44616,CHM_salt,ppt,2,2,2019-08-07,0.11,NA
wainamu,45819,44616,HYD_temp,degC,2,2,2019-08-07,11.8,NA
wainamu,45819,44616,PHY_tchla,ug/L,3,3,2019-08-07,8.2,NA
wainamu,45819,44616,CAR_doc,mg/L,3,3,2019-08-07,3.3,NA
wainamu,45819,44616,PHS_frp,mg/L,3,3,2019-08-07,0.001,NA
wainamu,45819,44616,NIT_amm,mg/L,3,3,2019-08-07,0.005,NA
wainamu,45819,44616,NIT_nit,mg/L,3,3,2019-08-07,0.002,NA
wainamu,45819,44616,CHM_salt,ppt,3,3,2019-08-07,0.11,NA
wainamu,45819,44616,HYD_temp,degC,3,3,2019-08-07,11.79,NA
wainamu,45819,44616,NIT_tn,mg/L,3,3,2019-08-07,0.185,NA
wainamu,45819,44616,PHS_tp,mg/L,3,3,2019-08-07,0.008,NA
wainamu,45819,44616,CHM_salt,ppt,4,4,2019-08-07,0.11,NA
wainamu,45819,44616,HYD_temp,degC,4,4,2019-08-07,11.75,NA
wainamu,45819,44616,CHM_salt,ppt,5,5,2019-08-07,0.11,NA
wainamu,45819,44616,HYD_temp,degC,5,5,2019-08-07,11.74,NA
wainamu,45819,44616,CHM_salt,ppt,6,6,2019-08-07,0.11,NA
wainamu,45819,44616,HYD_temp,degC,6,6,2019-08-07,11.74,NA
wainamu,45819,44616,CHM_salt,ppt,7,7,2019-08-07,0.11,NA
wainamu,45819,44616,HYD_temp,degC,7,7,2019-08-07,11.72,NA
wainamu,45819,44616,PHS_frp,mg/L,8,8,2019-08-07,0.001,NA
wainamu,45819,44616,NIT_amm,mg/L,8,8,2019-08-07,0.005,NA
wainamu,45819,44616,NIT_nit,mg/L,8,8,2019-08-07,0.002,NA
wainamu,45819,44616,CHM_salt,ppt,8,8,2019-08-07,0.11,NA
wainamu,45819,44616,HYD_temp,degC,8,8,2019-08-07,11.72,NA
wainamu,45819,44616,NIT_tn,mg/L,8,8,2019-08-07,0.19,NA
wainamu,45819,44616,PHS_tp,mg/L,8,8,2019-08-07,0.012,NA
wainamu,45819,44616,CHM_salt,ppt,9,9,2019-08-07,0.11,NA
wainamu,45819,44616,HYD_temp,degC,9,9,2019-08-07,11.72,NA
wainamu,45819,44616,RAD_secchi,m,0,0,2019-09-20,1.5,NA
wainamu,45819,44616,HYD_temp,degC,0,0,2019-09-20,15.2,NA
wainamu,45819,44616,HYD_temp,degC,1,1,2019-09-20,14.85,NA
wainamu,45819,44616,HYD_temp,degC,10,10,2019-09-20,13.79,NA
wainamu,45819,44616,HYD_temp,degC,11,11,2019-09-20,13.7,NA
wainamu,45819,44616,HYD_temp,degC,2,2,2019-09-20,14.61,NA
wainamu,45819,44616,PHY_tchla,ug/L,3,3,2019-09-20,4.8,NA
wainamu,45819,44616,CAR_doc,mg/L,3,3,2019-09-20,4.1,NA
wainamu,45819,44616,PHS_frp,mg/L,3,3,2019-09-20,0.001,NA
wainamu,45819,44616,NIT_amm,mg/L,3,3,2019-09-20,0.005,NA
wainamu,45819,44616,NIT_nit,mg/L,3,3,2019-09-20,0.001,NA
wainamu,45819,44616,HYD_temp,degC,3,3,2019-09-20,14.51,NA
wainamu,45819,44616,NIT_tn,mg/L,3,3,2019-09-20,0.24,NA
wainamu,45819,44616,PHS_tp,mg/L,3,3,2019-09-20,0.016,NA
wainamu,45819,44616,HYD_temp,degC,4,4,2019-09-20,14.42,NA
wainamu,45819,44616,HYD_temp,degC,5,5,2019-09-20,14.35,NA
wainamu,45819,44616,HYD_temp,degC,6,6,2019-09-20,14.27,NA
wainamu,45819,44616,HYD_temp,degC,7,7,2019-09-20,14.17,NA
wainamu,45819,44616,HYD_temp,degC,8,8,2019-09-20,14.06,NA
wainamu,45819,44616,PHS_frp,mg/L,9,9,2019-09-20,0.002,NA
wainamu,45819,44616,NIT_amm,mg/L,9,9,2019-09-20,0.005,NA
wainamu,45819,44616,NIT_nit,mg/L,9,9,2019-09-20,0.003,NA
wainamu,45819,44616,HYD_temp,degC,9,9,2019-09-20,13.93,NA
wainamu,45819,44616,NIT_tn,mg/L,9,9,2019-09-20,0.25,NA
wainamu,45819,44616,PHS_tp,mg/L,9,9,2019-09-20,0.018,NA
wainamu,45819,44616,PHY_cyano,mm^3/L,0,0,2019-10-29,0.004,NA
wainamu,45819,44616,CHM_oxy,mg/L,0,0,2019-10-29,11.41,NA
wainamu,45819,44616,CHM_salt,ppt,0,0,2019-10-29,0.1,NA
wainamu,45819,44616,HYD_temp,degC,0,0,2019-10-29,17.16,NA
wainamu,45819,44616,CHM_oxy,mg/L,1,1,2019-10-29,10.46,NA
wainamu,45819,44616,CHM_salt,ppt,1,1,2019-10-29,0.1,NA
wainamu,45819,44616,HYD_temp,degC,1,1,2019-10-29,16.47,NA
wainamu,45819,44616,CHM_oxy,mg/L,10,10,2019-10-29,8.19,NA
wainamu,45819,44616,CHM_salt,ppt,10,10,2019-10-29,0.1,NA
wainamu,45819,44616,HYD_temp,degC,10,10,2019-10-29,14.96,NA
wainamu,45819,44616,CHM_oxy,mg/L,11,11,2019-10-29,7.62,NA
wainamu,45819,44616,CHM_salt,ppt,11,11,2019-10-29,0.1,NA
wainamu,45819,44616,HYD_temp,degC,11,11,2019-10-29,14.93,NA
wainamu,45819,44616,CHM_oxy,mg/L,2,2,2019-10-29,9.84,NA
wainamu,45819,44616,CHM_salt,ppt,2,2,2019-10-29,0.1,NA
wainamu,45819,44616,HYD_temp,degC,2,2,2019-10-29,16.23,NA
wainamu,45819,44616,PHY_tchla,ug/L,3,3,2019-10-29,12.3,NA
wainamu,45819,44616,CHM_oxy,mg/L,3,3,2019-10-29,9.41,NA
wainamu,45819,44616,CAR_doc,mg/L,3,3,2019-10-29,4.2,NA
wainamu,45819,44616,PHS_frp,mg/L,3,3,2019-10-29,0.002,NA
wainamu,45819,44616,NIT_amm,mg/L,3,3,2019-10-29,0.005,NA
wainamu,45819,44616,NIT_nit,mg/L,3,3,2019-10-29,0.002,NA
wainamu,45819,44616,CHM_salt,ppt,3,3,2019-10-29,0.1,NA
wainamu,45819,44616,HYD_temp,degC,3,3,2019-10-29,15.65,NA
wainamu,45819,44616,NIT_tn,mg/L,3,3,2019-10-29,0.27,NA
wainamu,45819,44616,PHS_tp,mg/L,3,3,2019-10-29,0.018,NA
wainamu,45819,44616,CHM_oxy,mg/L,4,4,2019-10-29,9.37,NA
wainamu,45819,44616,CHM_salt,ppt,4,4,2019-10-29,0.1,NA
wainamu,45819,44616,HYD_temp,degC,4,4,2019-10-29,15.62,NA
wainamu,45819,44616,CHM_oxy,mg/L,5,5,2019-10-29,9.07,NA
wainamu,45819,44616,CHM_salt,ppt,5,5,2019-10-29,0.1,NA
wainamu,45819,44616,HYD_temp,degC,5,5,2019-10-29,15.4,NA
wainamu,45819,44616,CHM_oxy,mg/L,6,6,2019-10-29,8.82,NA
wainamu,45819,44616,CHM_salt,ppt,6,6,2019-10-29,0.1,NA
wainamu,45819,44616,HYD_temp,degC,6,6,2019-10-29,15.24,NA
wainamu,45819,44616,CHM_oxy,mg/L,7,7,2019-10-29,8.62,NA
wainamu,45819,44616,CHM_salt,ppt,7,7,2019-10-29,0.1,NA
wainamu,45819,44616,HYD_temp,degC,7,7,2019-10-29,15.12,NA
wainamu,45819,44616,CHM_oxy,mg/L,8,8,2019-10-29,8.05,NA
wainamu,45819,44616,CHM_salt,ppt,8,8,2019-10-29,0.1,NA
wainamu,45819,44616,HYD_temp,degC,8,8,2019-10-29,15.01,NA
wainamu,45819,44616,CHM_oxy,mg/L,9,9,2019-10-29,8.23,NA
wainamu,45819,44616,PHS_frp,mg/L,9,9,2019-10-29,0.005,NA
wainamu,45819,44616,NIT_amm,mg/L,9,9,2019-10-29,0.005,NA
wainamu,45819,44616,NIT_nit,mg/L,9,9,2019-10-29,0.003,NA
wainamu,45819,44616,CHM_salt,ppt,9,9,2019-10-29,0.1,NA
wainamu,45819,44616,HYD_temp,degC,9,9,2019-10-29,14.98,NA
wainamu,45819,44616,NIT_tn,mg/L,9,9,2019-10-29,0.23,NA
wainamu,45819,44616,PHS_tp,mg/L,9,9,2019-10-29,0.016,NA
wainamu,45819,44616,CHM_oxy,mg/L,0,0,2019-12-11,9.7,NA
wainamu,45819,44616,CHM_salt,ppt,0,0,2019-12-11,0.11,NA
wainamu,45819,44616,RAD_secchi,m,0,0,2019-12-11,2.1,NA
wainamu,45819,44616,HYD_temp,degC,0,0,2019-12-11,23.6,NA
wainamu,45819,44616,CHM_oxy,mg/L,1,1,2019-12-11,9.25,NA
wainamu,45819,44616,CHM_salt,ppt,1,1,2019-12-11,0.11,NA
wainamu,45819,44616,HYD_temp,degC,1,1,2019-12-11,22.74,NA
wainamu,45819,44616,CHM_oxy,mg/L,10,10,2019-12-11,0.04,NA
wainamu,45819,44616,CHM_salt,ppt,10,10,2019-12-11,0.11,NA
wainamu,45819,44616,HYD_temp,degC,10,10,2019-12-11,15.85,NA
wainamu,45819,44616,CHM_oxy,mg/L,11,11,2019-12-11,0.04,NA
wainamu,45819,44616,CHM_salt,ppt,11,11,2019-12-11,0.11,NA
wainamu,45819,44616,HYD_temp,degC,11,11,2019-12-11,15.7,NA
wainamu,45819,44616,CHM_oxy,mg/L,2,2,2019-12-11,9.04,NA
wainamu,45819,44616,CHM_salt,ppt,2,2,2019-12-11,0.11,NA
wainamu,45819,44616,HYD_temp,degC,2,2,2019-12-11,22.56,NA
wainamu,45819,44616,PHY_tchla,ug/L,3,3,2019-12-11,13.3,NA
wainamu,45819,44616,CHM_oxy,mg/L,3,3,2019-12-11,6.84,NA
wainamu,45819,44616,CAR_doc,mg/L,3,3,2019-12-11,3.7,NA
wainamu,45819,44616,PHS_frp,mg/L,3,3,2019-12-11,0.002,NA
wainamu,45819,44616,NIT_amm,mg/L,3,3,2019-12-11,0.005,NA
wainamu,45819,44616,NIT_nit,mg/L,3,3,2019-12-11,0.001,NA
wainamu,45819,44616,CHM_salt,ppt,3,3,2019-12-11,0.11,NA
wainamu,45819,44616,HYD_temp,degC,3,3,2019-12-11,22.03,NA
wainamu,45819,44616,NIT_tn,mg/L,3,3,2019-12-11,0.21,NA
wainamu,45819,44616,PHS_tp,mg/L,3,3,2019-12-11,0.014,NA
wainamu,45819,44616,CHM_oxy,mg/L,4,4,2019-12-11,3.11,NA
wainamu,45819,44616,CHM_salt,ppt,4,4,2019-12-11,0.1,NA
wainamu,45819,44616,HYD_temp,degC,4,4,2019-12-11,19.79,NA
wainamu,45819,44616,CHM_oxy,mg/L,5,5,2019-12-11,0.84,NA
wainamu,45819,44616,CHM_salt,ppt,5,5,2019-12-11,0.1,NA
wainamu,45819,44616,HYD_temp,degC,5,5,2019-12-11,17.97,NA
wainamu,45819,44616,CHM_oxy,mg/L,6,6,2019-12-11,0.11,NA
wainamu,45819,44616,CHM_salt,ppt,6,6,2019-12-11,0.11,NA
wainamu,45819,44616,HYD_temp,degC,6,6,2019-12-11,17.32,NA
wainamu,45819,44616,CHM_oxy,mg/L,7,7,2019-12-11,0.07,NA
wainamu,45819,44616,CHM_salt,ppt,7,7,2019-12-11,0.11,NA
wainamu,45819,44616,HYD_temp,degC,7,7,2019-12-11,16.7,NA
wainamu,45819,44616,CHM_oxy,mg/L,8,8,2019-12-11,0.06,NA
wainamu,45819,44616,CHM_salt,ppt,8,8,2019-12-11,0.11,NA
wainamu,45819,44616,HYD_temp,degC,8,8,2019-12-11,16.37,NA
wainamu,45819,44616,CHM_oxy,mg/L,9,9,2019-12-11,0.04,NA
wainamu,45819,44616,PHS_frp,mg/L,9,9,2019-12-11,0.002,NA
wainamu,45819,44616,NIT_amm,mg/L,9,9,2019-12-11,0.005,NA
wainamu,45819,44616,NIT_nit,mg/L,9,9,2019-12-11,0.001,NA
wainamu,45819,44616,CHM_salt,ppt,9,9,2019-12-11,0.11,NA
wainamu,45819,44616,HYD_temp,degC,9,9,2019-12-11,16,NA
wainamu,45819,44616,NIT_tn,mg/L,9,9,2019-12-11,0.24,NA
wainamu,45819,44616,PHS_tp,mg/L,9,9,2019-12-11,0.016,NA
wainamu,45819,44616,PHY_cyano,mm^3/L,0,0,2020-01-24,0.005,NA
wainamu,45819,44616,CHM_oxy,mg/L,0,0,2020-01-24,10.33,NA
wainamu,45819,44616,CHM_salt,ppt,0,0,2020-01-24,0.11,NA
wainamu,45819,44616,HYD_temp,degC,0,0,2020-01-24,24.39,NA
wainamu,45819,44616,PHY_tchla,ug/L,1,1,2020-01-24,17,NA
wainamu,45819,44616,CHM_oxy,mg/L,1,1,2020-01-24,10.32,NA
wainamu,45819,44616,CAR_doc,mg/L,1,1,2020-01-24,2.9,NA
wainamu,45819,44616,PHS_frp,mg/L,1,1,2020-01-24,0.004,NA
wainamu,45819,44616,NIT_amm,mg/L,1,1,2020-01-24,0.005,NA
wainamu,45819,44616,NIT_nit,mg/L,1,1,2020-01-24,0.001,NA
wainamu,45819,44616,CHM_salt,ppt,1,1,2020-01-24,0.11,NA
wainamu,45819,44616,HYD_temp,degC,1,1,2020-01-24,24.3,NA
wainamu,45819,44616,NIT_tn,mg/L,1,1,2020-01-24,0.23,NA
wainamu,45819,44616,PHS_tp,mg/L,1,1,2020-01-24,0.017,NA
wainamu,45819,44616,CHM_oxy,mg/L,10,10,2020-01-24,0,NA
wainamu,45819,44616,CHM_salt,ppt,10,10,2020-01-24,0.12,NA
wainamu,45819,44616,HYD_temp,degC,10,10,2020-01-24,17.25,NA
wainamu,45819,44616,CHM_oxy,mg/L,11,11,2020-01-24,0,NA
wainamu,45819,44616,CHM_salt,ppt,11,11,2020-01-24,0.12,NA
wainamu,45819,44616,HYD_temp,degC,11,11,2020-01-24,16.85,NA
wainamu,45819,44616,CHM_oxy,mg/L,2,2,2020-01-24,10.21,NA
wainamu,45819,44616,CHM_salt,ppt,2,2,2020-01-24,0.11,NA
wainamu,45819,44616,HYD_temp,degC,2,2,2020-01-24,24.14,NA
wainamu,45819,44616,CHM_oxy,mg/L,3,3,2020-01-24,8.8,NA
wainamu,45819,44616,CHM_salt,ppt,3,3,2020-01-24,0.11,NA
wainamu,45819,44616,HYD_temp,degC,3,3,2020-01-24,23.07,NA
wainamu,45819,44616,CHM_oxy,mg/L,4,4,2020-01-24,4.52,NA
wainamu,45819,44616,CHM_salt,ppt,4,4,2020-01-24,0.11,NA
wainamu,45819,44616,HYD_temp,degC,4,4,2020-01-24,21.17,NA
wainamu,45819,44616,CHM_oxy,mg/L,5,5,2020-01-24,2.51,NA
wainamu,45819,44616,CHM_salt,ppt,5,5,2020-01-24,0.11,NA
wainamu,45819,44616,HYD_temp,degC,5,5,2020-01-24,19.96,NA
wainamu,45819,44616,CHM_oxy,mg/L,6,6,2020-01-24,1.14,NA
wainamu,45819,44616,CHM_salt,ppt,6,6,2020-01-24,0.11,NA
wainamu,45819,44616,HYD_temp,degC,6,6,2020-01-24,19.39,NA
wainamu,45819,44616,CHM_oxy,mg/L,7,7,2020-01-24,0,NA
wainamu,45819,44616,PHS_frp,mg/L,7,7,2020-01-24,0.018,NA
wainamu,45819,44616,NIT_amm,mg/L,7,7,2020-01-24,0.24,NA
wainamu,45819,44616,NIT_nit,mg/L,7,7,2020-01-24,0.003,NA
wainamu,45819,44616,CHM_salt,ppt,7,7,2020-01-24,0.11,NA
wainamu,45819,44616,HYD_temp,degC,7,7,2020-01-24,19.13,NA
wainamu,45819,44616,NIT_tn,mg/L,7,7,2020-01-24,0.59,NA
wainamu,45819,44616,PHS_tp,mg/L,7,7,2020-01-24,0.049,NA
wainamu,45819,44616,CHM_oxy,mg/L,8,8,2020-01-24,0,NA
wainamu,45819,44616,CHM_salt,ppt,8,8,2020-01-24,0.11,NA
wainamu,45819,44616,HYD_temp,degC,8,8,2020-01-24,18.56,NA
wainamu,45819,44616,CHM_oxy,mg/L,9,9,2020-01-24,0,NA
wainamu,45819,44616,CHM_salt,ppt,9,9,2020-01-24,0.11,NA
wainamu,45819,44616,HYD_temp,degC,9,9,2020-01-24,18,NA
wainamu,45819,44616,PHY_cyano,mm^3/L,0,0,2020-03-04,0.002,NA
wainamu,45819,44616,CHM_oxy,mg/L,0,0,2020-03-04,8.65,NA
wainamu,45819,44616,HYD_temp,degC,0,0,2020-03-04,22.81,NA
wainamu,45819,44616,PHY_tchla,ug/L,1,1,2020-03-04,4.1,NA
wainamu,45819,44616,CHM_oxy,mg/L,1,1,2020-03-04,7.64,NA
wainamu,45819,44616,CAR_doc,mg/L,1,1,2020-03-04,3.4,NA
wainamu,45819,44616,PHS_frp,mg/L,1,1,2020-03-04,0.002,NA
wainamu,45819,44616,NIT_amm,mg/L,1,1,2020-03-04,0.005,NA
wainamu,45819,44616,NIT_nit,mg/L,1,1,2020-03-04,0.001,NA
wainamu,45819,44616,CHM_salt,ppt,1,1,2020-03-04,0.11,NA
wainamu,45819,44616,HYD_temp,degC,1,1,2020-03-04,23.84,NA
wainamu,45819,44616,NIT_tn,mg/L,1,1,2020-03-04,0.2,NA
wainamu,45819,44616,PHS_tp,mg/L,1,1,2020-03-04,0.014,NA
wainamu,45819,44616,CHM_oxy,mg/L,10,10,2020-03-04,0.1,NA
wainamu,45819,44616,CHM_salt,ppt,10,10,2020-03-04,0.12,NA
wainamu,45819,44616,HYD_temp,degC,10,10,2020-03-04,17.49,NA
wainamu,45819,44616,CHM_oxy,mg/L,11,11,2020-03-04,0.1,NA
wainamu,45819,44616,CHM_salt,ppt,11,11,2020-03-04,0.13,NA
wainamu,45819,44616,HYD_temp,degC,11,11,2020-03-04,17,NA
wainamu,45819,44616,CHM_oxy,mg/L,12,12,2020-03-04,0.14,NA
wainamu,45819,44616,CHM_salt,ppt,12,12,2020-03-04,0.15,NA
wainamu,45819,44616,HYD_temp,degC,12,12,2020-03-04,16.77,NA
wainamu,45819,44616,CHM_oxy,mg/L,2,2,2020-03-04,7.62,NA
wainamu,45819,44616,CHM_salt,ppt,2,2,2020-03-04,0.11,NA
wainamu,45819,44616,HYD_temp,degC,2,2,2020-03-04,23.83,NA
wainamu,45819,44616,CHM_oxy,mg/L,3,3,2020-03-04,7.57,NA
wainamu,45819,44616,CHM_salt,ppt,3,3,2020-03-04,0.11,NA
wainamu,45819,44616,HYD_temp,degC,3,3,2020-03-04,23.82,NA
wainamu,45819,44616,CHM_oxy,mg/L,4,4,2020-03-04,7.36,NA
wainamu,45819,44616,CHM_salt,ppt,4,4,2020-03-04,0.11,NA
wainamu,45819,44616,HYD_temp,degC,4,4,2020-03-04,23.75,NA
wainamu,45819,44616,CHM_oxy,mg/L,5,5,2020-03-04,6.67,NA
wainamu,45819,44616,CHM_salt,ppt,5,5,2020-03-04,0.11,NA
wainamu,45819,44616,HYD_temp,degC,5,5,2020-03-04,23.56,NA
wainamu,45819,44616,CHM_oxy,mg/L,6,6,2020-03-04,2,NA
wainamu,45819,44616,CHM_salt,ppt,6,6,2020-03-04,0.11,NA
wainamu,45819,44616,HYD_temp,degC,6,6,2020-03-04,22.74,NA
wainamu,45819,44616,CHM_oxy,mg/L,7,7,2020-03-04,0.17,NA
wainamu,45819,44616,CHM_salt,ppt,7,7,2020-03-04,0.12,NA
wainamu,45819,44616,HYD_temp,degC,7,7,2020-03-04,20.57,NA
wainamu,45819,44616,CHM_oxy,mg/L,8,8,2020-03-04,0.12,NA
wainamu,45819,44616,CHM_salt,ppt,8,8,2020-03-04,0.12,NA
wainamu,45819,44616,HYD_temp,degC,8,8,2020-03-04,18.36,NA
wainamu,45819,44616,CHM_oxy,mg/L,9,9,2020-03-04,0.11,NA
wainamu,45819,44616,PHS_frp,mg/L,9,9,2020-03-04,0.003,NA
wainamu,45819,44616,NIT_amm,mg/L,9,9,2020-03-04,0.005,NA
wainamu,45819,44616,NIT_nit,mg/L,9,9,2020-03-04,0.001,NA
wainamu,45819,44616,CHM_salt,ppt,9,9,2020-03-04,0.12,NA
wainamu,45819,44616,HYD_temp,degC,9,9,2020-03-04,17.83,NA
wainamu,45819,44616,NIT_tn,mg/L,9,9,2020-03-04,0.22,NA
wainamu,45819,44616,PHS_tp,mg/L,9,9,2020-03-04,0.014,NA
wainamu,45819,44616,PHY_cyano,mm^3/L,0,0,2020-06-11,0.01,NA
wainamu,45819,44616,CHM_oxy,mg/L,0,0,2020-06-11,10.3,NA
wainamu,45819,44616,CHM_salt,ppt,0,0,2020-06-11,0.12,NA
wainamu,45819,44616,HYD_temp,degC,0,0,2020-06-11,14.91,NA
wainamu,45819,44616,CHM_oxy,mg/L,1,1,2020-06-11,9.96,NA
wainamu,45819,44616,CHM_salt,ppt,1,1,2020-06-11,0.12,NA
wainamu,45819,44616,HYD_temp,degC,1,1,2020-06-11,14.63,NA
wainamu,45819,44616,CHM_oxy,mg/L,10,10,2020-06-11,9.21,NA
wainamu,45819,44616,PHS_frp,mg/L,10,10,2020-06-11,0.002,NA
wainamu,45819,44616,NIT_amm,mg/L,10,10,2020-06-11,0.005,NA
wainamu,45819,44616,NIT_nit,mg/L,10,10,2020-06-11,0.001,NA
wainamu,45819,44616,CHM_salt,ppt,10,10,2020-06-11,0.12,NA
wainamu,45819,44616,HYD_temp,degC,10,10,2020-06-11,14.38,NA
wainamu,45819,44616,NIT_tn,mg/L,10,10,2020-06-11,0.181,NA
wainamu,45819,44616,PHS_tp,mg/L,10,10,2020-06-11,0.011,NA
wainamu,45819,44616,CHM_oxy,mg/L,11,11,2020-06-11,8.86,NA
wainamu,45819,44616,CHM_salt,ppt,11,11,2020-06-11,0.12,NA
wainamu,45819,44616,HYD_temp,degC,11,11,2020-06-11,14.37,NA
wainamu,45819,44616,CHM_oxy,mg/L,12,12,2020-06-11,8.92,NA
wainamu,45819,44616,CHM_salt,ppt,12,12,2020-06-11,0.12,NA
wainamu,45819,44616,HYD_temp,degC,12,12,2020-06-11,14.37,NA
wainamu,45819,44616,CHM_oxy,mg/L,2,2,2020-06-11,9.56,NA
wainamu,45819,44616,CHM_salt,ppt,2,2,2020-06-11,0.12,NA
wainamu,45819,44616,HYD_temp,degC,2,2,2020-06-11,14.46,NA
wainamu,45819,44616,PHY_tchla,ug/L,3,3,2020-06-11,6,NA
wainamu,45819,44616,CHM_oxy,mg/L,3,3,2020-06-11,9.4,NA
wainamu,45819,44616,CAR_doc,mg/L,3,3,2020-06-11,2.8,NA
wainamu,45819,44616,PHS_frp,mg/L,3,3,2020-06-11,0.002,NA
wainamu,45819,44616,NIT_amm,mg/L,3,3,2020-06-11,0.005,NA
wainamu,45819,44616,NIT_nit,mg/L,3,3,2020-06-11,0.001,NA
wainamu,45819,44616,CHM_salt,ppt,3,3,2020-06-11,0.12,NA
wainamu,45819,44616,HYD_temp,degC,3,3,2020-06-11,14.44,NA
wainamu,45819,44616,NIT_tn,mg/L,3,3,2020-06-11,0.175,NA
wainamu,45819,44616,PHS_tp,mg/L,3,3,2020-06-11,0.007,NA
wainamu,45819,44616,CHM_oxy,mg/L,4,4,2020-06-11,9.42,NA
wainamu,45819,44616,CHM_salt,ppt,4,4,2020-06-11,0.12,NA
wainamu,45819,44616,HYD_temp,degC,4,4,2020-06-11,14.42,NA
wainamu,45819,44616,CHM_oxy,mg/L,5,5,2020-06-11,9.48,NA
wainamu,45819,44616,CHM_salt,ppt,5,5,2020-06-11,0.12,NA
wainamu,45819,44616,HYD_temp,degC,5,5,2020-06-11,14.42,NA
wainamu,45819,44616,CHM_oxy,mg/L,6,6,2020-06-11,9.48,NA
wainamu,45819,44616,CHM_salt,ppt,6,6,2020-06-11,0.12,NA
wainamu,45819,44616,HYD_temp,degC,6,6,2020-06-11,14.41,NA
wainamu,45819,44616,CHM_oxy,mg/L,7,7,2020-06-11,9.53,NA
wainamu,45819,44616,CHM_salt,ppt,7,7,2020-06-11,0.12,NA
wainamu,45819,44616,HYD_temp,degC,7,7,2020-06-11,14.41,NA
wainamu,45819,44616,CHM_oxy,mg/L,8,8,2020-06-11,9.54,NA
wainamu,45819,44616,CHM_salt,ppt,8,8,2020-06-11,0.12,NA
wainamu,45819,44616,HYD_temp,degC,8,8,2020-06-11,14.4,NA
wainamu,45819,44616,CHM_oxy,mg/L,9,9,2020-06-11,9.52,NA
wainamu,45819,44616,CHM_salt,ppt,9,9,2020-06-11,0.12,NA
wainamu,45819,44616,HYD_temp,degC,9,9,2020-06-11,14.39,NA
wainamu,45819,44616,PHY_cyano,mm^3/L,0,0,2020-07-06,0.004,NA
wainamu,45819,44616,CHM_oxy,mg/L,0,0,2020-07-06,9.43,NA
wainamu,45819,44616,CHM_salt,ppt,0,0,2020-07-06,0.11,NA
wainamu,45819,44616,RAD_secchi,m,0,0,2020-07-06,2.04,NA
wainamu,45819,44616,HYD_temp,degC,0,0,2020-07-06,12.82,NA
wainamu,45819,44616,CHM_oxy,mg/L,1,1,2020-07-06,9.31,NA
wainamu,45819,44616,CHM_salt,ppt,1,1,2020-07-06,0.11,NA
wainamu,45819,44616,HYD_temp,degC,1,1,2020-07-06,12.81,NA
wainamu,45819,44616,CHM_oxy,mg/L,10,10,2020-07-06,9.12,NA
wainamu,45819,44616,CHM_salt,ppt,10,10,2020-07-06,0.11,NA
wainamu,45819,44616,HYD_temp,degC,10,10,2020-07-06,12.78,NA
wainamu,45819,44616,CHM_oxy,mg/L,11,11,2020-07-06,9.1,NA
wainamu,45819,44616,CHM_salt,ppt,11,11,2020-07-06,0.11,NA
wainamu,45819,44616,HYD_temp,degC,11,11,2020-07-06,12.79,NA
wainamu,45819,44616,CHM_oxy,mg/L,12,12,2020-07-06,9.09,NA
wainamu,45819,44616,CHM_salt,ppt,12,12,2020-07-06,0.11,NA
wainamu,45819,44616,HYD_temp,degC,12,12,2020-07-06,12.78,NA
wainamu,45819,44616,CHM_oxy,mg/L,2,2,2020-07-06,9.26,NA
wainamu,45819,44616,CHM_salt,ppt,2,2,2020-07-06,0.11,NA
wainamu,45819,44616,HYD_temp,degC,2,2,2020-07-06,12.79,NA
wainamu,45819,44616,PHY_tchla,ug/L,3,3,2020-07-06,7.1,NA
wainamu,45819,44616,CHM_oxy,mg/L,3,3,2020-07-06,9.23,NA
wainamu,45819,44616,CAR_doc,mg/L,3,3,2020-07-06,4.1,NA
wainamu,45819,44616,PHS_frp,mg/L,3,3,2020-07-06,0.001,NA
wainamu,45819,44616,NIT_amm,mg/L,3,3,2020-07-06,0.005,NA
wainamu,45819,44616,NIT_nit,mg/L,3,3,2020-07-06,0.004,NA
wainamu,45819,44616,CHM_salt,ppt,3,3,2020-07-06,0.11,NA
wainamu,45819,44616,HYD_temp,degC,3,3,2020-07-06,12.78,NA
wainamu,45819,44616,NIT_tn,mg/L,3,3,2020-07-06,0.25,NA
wainamu,45819,44616,PHS_tp,mg/L,3,3,2020-07-06,0.014,NA
wainamu,45819,44616,CHM_oxy,mg/L,4,4,2020-07-06,9.22,NA
wainamu,45819,44616,CHM_salt,ppt,4,4,2020-07-06,0.11,NA
wainamu,45819,44616,HYD_temp,degC,4,4,2020-07-06,12.78,NA
wainamu,45819,44616,CHM_oxy,mg/L,5,5,2020-07-06,9.21,NA
wainamu,45819,44616,CHM_salt,ppt,5,5,2020-07-06,0.11,NA
wainamu,45819,44616,HYD_temp,degC,5,5,2020-07-06,12.78,NA
wainamu,45819,44616,CHM_oxy,mg/L,6,6,2020-07-06,9.2,NA
wainamu,45819,44616,CHM_salt,ppt,6,6,2020-07-06,0.11,NA
wainamu,45819,44616,HYD_temp,degC,6,6,2020-07-06,12.78,NA
wainamu,45819,44616,CHM_oxy,mg/L,7,7,2020-07-06,9.18,NA
wainamu,45819,44616,CHM_salt,ppt,7,7,2020-07-06,0.11,NA
wainamu,45819,44616,HYD_temp,degC,7,7,2020-07-06,12.78,NA
wainamu,45819,44616,CHM_oxy,mg/L,8,8,2020-07-06,9.16,NA
wainamu,45819,44616,CHM_salt,ppt,8,8,2020-07-06,0.11,NA
wainamu,45819,44616,HYD_temp,degC,8,8,2020-07-06,12.78,NA
wainamu,45819,44616,CHM_oxy,mg/L,9,9,2020-07-06,9.14,NA
wainamu,45819,44616,PHS_frp,mg/L,9,9,2020-07-06,0.002,NA
wainamu,45819,44616,NIT_amm,mg/L,9,9,2020-07-06,0.005,NA
wainamu,45819,44616,NIT_nit,mg/L,9,9,2020-07-06,0.004,NA
wainamu,45819,44616,CHM_salt,ppt,9,9,2020-07-06,0.11,NA
wainamu,45819,44616,HYD_temp,degC,9,9,2020-07-06,12.78,NA
wainamu,45819,44616,NIT_tn,mg/L,9,9,2020-07-06,0.24,NA
wainamu,45819,44616,PHS_tp,mg/L,9,9,2020-07-06,0.019,NA
wainamu,45819,44616,PHY_cyano,mm^3/L,0,0,2020-09-01,0.018,NA
wainamu,45819,44616,CHM_oxy,mg/L,0,0,2020-09-01,10.25,NA
wainamu,45819,44616,CHM_salt,ppt,0,0,2020-09-01,0.11,NA
wainamu,45819,44616,RAD_secchi,m,0,0,2020-09-01,1.1,NA
wainamu,45819,44616,HYD_temp,degC,0,0,2020-09-01,13.59,NA
wainamu,45819,44616,CHM_oxy,mg/L,1,1,2020-09-01,10.24,NA
wainamu,45819,44616,CHM_salt,ppt,1,1,2020-09-01,0.11,NA
wainamu,45819,44616,HYD_temp,degC,1,1,2020-09-01,13.58,NA
wainamu,45819,44616,CHM_oxy,mg/L,10,10,2020-09-01,8.74,NA
wainamu,45819,44616,CHM_salt,ppt,10,10,2020-09-01,0.11,NA
wainamu,45819,44616,HYD_temp,degC,10,10,2020-09-01,12.99,NA
wainamu,45819,44616,CHM_oxy,mg/L,11,11,2020-09-01,8.88,NA
wainamu,45819,44616,CHM_salt,ppt,11,11,2020-09-01,0.11,NA
wainamu,45819,44616,HYD_temp,degC,11,11,2020-09-01,12.97,NA
wainamu,45819,44616,CHM_oxy,mg/L,12,12,2020-09-01,7.86,NA
wainamu,45819,44616,CHM_salt,ppt,12,12,2020-09-01,0.11,NA
wainamu,45819,44616,HYD_temp,degC,12,12,2020-09-01,12.94,NA
wainamu,45819,44616,CHM_oxy,mg/L,2,2,2020-09-01,10.23,NA
wainamu,45819,44616,CHM_salt,ppt,2,2,2020-09-01,0.11,NA
wainamu,45819,44616,HYD_temp,degC,2,2,2020-09-01,13.56,NA
wainamu,45819,44616,PHY_tchla,ug/L,3,3,2020-09-01,10.6,NA
wainamu,45819,44616,CHM_oxy,mg/L,3,3,2020-09-01,10.22,NA
wainamu,45819,44616,CAR_doc,mg/L,3,3,2020-09-01,2.4,NA
wainamu,45819,44616,PHS_frp,mg/L,3,3,2020-09-01,0.002,NA
wainamu,45819,44616,NIT_amm,mg/L,3,3,2020-09-01,0.005,NA
wainamu,45819,44616,NIT_nit,mg/L,3,3,2020-09-01,0.001,NA
wainamu,45819,44616,CHM_salt,ppt,3,3,2020-09-01,0.11,NA
wainamu,45819,44616,HYD_temp,degC,3,3,2020-09-01,13.54,NA
wainamu,45819,44616,NIT_tn,mg/L,3,3,2020-09-01,0.21,NA
wainamu,45819,44616,PHS_tp,mg/L,3,3,2020-09-01,0.018,NA
wainamu,45819,44616,CHM_oxy,mg/L,4,4,2020-09-01,10.21,NA
wainamu,45819,44616,CHM_salt,ppt,4,4,2020-09-01,0.11,NA
wainamu,45819,44616,HYD_temp,degC,4,4,2020-09-01,13.53,NA
wainamu,45819,44616,CHM_oxy,mg/L,5,5,2020-09-01,10.19,NA
wainamu,45819,44616,CHM_salt,ppt,5,5,2020-09-01,0.11,NA
wainamu,45819,44616,HYD_temp,degC,5,5,2020-09-01,13.49,NA
wainamu,45819,44616,CHM_oxy,mg/L,6,6,2020-09-01,10.17,NA
wainamu,45819,44616,CHM_salt,ppt,6,6,2020-09-01,0.11,NA
wainamu,45819,44616,HYD_temp,degC,6,6,2020-09-01,13.48,NA
wainamu,45819,44616,CHM_oxy,mg/L,7,7,2020-09-01,10.12,NA
wainamu,45819,44616,CHM_salt,ppt,7,7,2020-09-01,0.11,NA
wainamu,45819,44616,HYD_temp,degC,7,7,2020-09-01,13.41,NA
wainamu,45819,44616,CHM_oxy,mg/L,8,8,2020-09-01,10.05,NA
wainamu,45819,44616,CHM_salt,ppt,8,8,2020-09-01,0.11,NA
wainamu,45819,44616,HYD_temp,degC,8,8,2020-09-01,13.39,NA
wainamu,45819,44616,CHM_oxy,mg/L,9,9,2020-09-01,9.19,NA
wainamu,45819,44616,PHS_frp,mg/L,9,9,2020-09-01,0.002,NA
wainamu,45819,44616,NIT_amm,mg/L,9,9,2020-09-01,0.005,NA
wainamu,45819,44616,NIT_nit,mg/L,9,9,2020-09-01,0.001,NA
wainamu,45819,44616,CHM_salt,ppt,9,9,2020-09-01,0.11,NA
wainamu,45819,44616,HYD_temp,degC,9,9,2020-09-01,13.12,NA
wainamu,45819,44616,NIT_tn,mg/L,9,9,2020-09-01,0.23,NA
wainamu,45819,44616,PHS_tp,mg/L,9,9,2020-09-01,0.02,NA
wainamu,45819,44616,PHY_cyano,mm^3/L,0,0,2020-10-08,0.012,NA
wainamu,45819,44616,CHM_oxy,mg/L,0,0,2020-10-08,10.36,NA
wainamu,45819,44616,CHM_salt,ppt,0,0,2020-10-08,0.11,NA
wainamu,45819,44616,RAD_secchi,m,0,0,2020-10-08,2.1,NA
wainamu,45819,44616,HYD_temp,degC,0,0,2020-10-08,16.85,NA
wainamu,45819,44616,CHM_oxy,mg/L,1,1,2020-10-08,10.45,NA
wainamu,45819,44616,CHM_salt,ppt,1,1,2020-10-08,0.11,NA
wainamu,45819,44616,HYD_temp,degC,1,1,2020-10-08,16.5,NA
wainamu,45819,44616,CHM_oxy,mg/L,10,10,2020-10-08,7.4,NA
wainamu,45819,44616,CHM_salt,ppt,10,10,2020-10-08,0.11,NA
wainamu,45819,44616,HYD_temp,degC,10,10,2020-10-08,14.76,NA
wainamu,45819,44616,CHM_oxy,mg/L,11,11,2020-10-08,7.05,NA
wainamu,45819,44616,CHM_salt,ppt,11,11,2020-10-08,0.11,NA
wainamu,45819,44616,HYD_temp,degC,11,11,2020-10-08,14.73,NA
wainamu,45819,44616,CHM_oxy,mg/L,12,12,2020-10-08,6.11,NA
wainamu,45819,44616,CHM_salt,ppt,12,12,2020-10-08,0.11,NA
wainamu,45819,44616,HYD_temp,degC,12,12,2020-10-08,14.7,NA
wainamu,45819,44616,CHM_oxy,mg/L,2,2,2020-10-08,10.42,NA
wainamu,45819,44616,CHM_salt,ppt,2,2,2020-10-08,0.11,NA
wainamu,45819,44616,HYD_temp,degC,2,2,2020-10-08,16.36,NA
wainamu,45819,44616,PHY_tchla,ug/L,3,3,2020-10-08,6.8,NA
wainamu,45819,44616,CHM_oxy,mg/L,3,3,2020-10-08,10.31,NA
wainamu,45819,44616,CAR_doc,mg/L,3,3,2020-10-08,2.9,NA
wainamu,45819,44616,PHS_frp,mg/L,3,3,2020-10-08,0.002,NA
wainamu,45819,44616,NIT_amm,mg/L,3,3,2020-10-08,0.005,NA
wainamu,45819,44616,NIT_nit,mg/L,3,3,2020-10-08,0.001,NA
wainamu,45819,44616,CHM_salt,ppt,3,3,2020-10-08,0.11,NA
wainamu,45819,44616,HYD_temp,degC,3,3,2020-10-08,16.3,NA
wainamu,45819,44616,NIT_tn,mg/L,3,3,2020-10-08,0.187,NA
wainamu,45819,44616,PHS_tp,mg/L,3,3,2020-10-08,0.013,NA
wainamu,45819,44616,CHM_oxy,mg/L,4,4,2020-10-08,9.72,NA
wainamu,45819,44616,CHM_salt,ppt,4,4,2020-10-08,0.11,NA
wainamu,45819,44616,HYD_temp,degC,4,4,2020-10-08,15.48,NA
wainamu,45819,44616,CHM_oxy,mg/L,5,5,2020-10-08,8.86,NA
wainamu,45819,44616,CHM_salt,ppt,5,5,2020-10-08,0.11,NA
wainamu,45819,44616,HYD_temp,degC,5,5,2020-10-08,15.01,NA
wainamu,45819,44616,CHM_oxy,mg/L,6,6,2020-10-08,8.29,NA
wainamu,45819,44616,CHM_salt,ppt,6,6,2020-10-08,0.11,NA
wainamu,45819,44616,HYD_temp,degC,6,6,2020-10-08,14.89,NA
wainamu,45819,44616,CHM_oxy,mg/L,7,7,2020-10-08,7.78,NA
wainamu,45819,44616,CHM_salt,ppt,7,7,2020-10-08,0.11,NA
wainamu,45819,44616,HYD_temp,degC,7,7,2020-10-08,14.83,NA
wainamu,45819,44616,CHM_oxy,mg/L,8,8,2020-10-08,8.19,NA
wainamu,45819,44616,CHM_salt,ppt,8,8,2020-10-08,0.11,NA
wainamu,45819,44616,HYD_temp,degC,8,8,2020-10-08,14.8,NA
wainamu,45819,44616,CHM_oxy,mg/L,9,9,2020-10-08,7.99,NA
wainamu,45819,44616,PHS_frp,mg/L,9,9,2020-10-08,0.002,NA
wainamu,45819,44616,NIT_amm,mg/L,9,9,2020-10-08,0.005,NA
wainamu,45819,44616,NIT_nit,mg/L,9,9,2020-10-08,0.001,NA
wainamu,45819,44616,CHM_salt,ppt,9,9,2020-10-08,0.11,NA
wainamu,45819,44616,HYD_temp,degC,9,9,2020-10-08,14.77,NA
wainamu,45819,44616,NIT_tn,mg/L,9,9,2020-10-08,0.168,NA
wainamu,45819,44616,PHS_tp,mg/L,9,9,2020-10-08,0.011,NA
wainamu,45819,44616,PHY_cyano,mm^3/L,0,0,2020-11-10,0.015,NA
wainamu,45819,44616,CHM_oxy,mg/L,0,0,2020-11-10,9.75,NA
wainamu,45819,44616,CHM_salt,ppt,0,0,2020-11-10,0.11,NA
wainamu,45819,44616,RAD_secchi,m,0,0,2020-11-10,2.25,NA
wainamu,45819,44616,HYD_temp,degC,0,0,2020-11-10,19.59,NA
wainamu,45819,44616,CHM_oxy,mg/L,1,1,2020-11-10,9.47,NA
wainamu,45819,44616,CHM_salt,ppt,1,1,2020-11-10,0.11,NA
wainamu,45819,44616,HYD_temp,degC,1,1,2020-11-10,19.11,NA
wainamu,45819,44616,CHM_oxy,mg/L,10,10,2020-11-10,0.44,NA
wainamu,45819,44616,PHS_frp,mg/L,10,10,2020-11-10,0.002,NA
wainamu,45819,44616,NIT_amm,mg/L,10,10,2020-11-10,0.005,NA
wainamu,45819,44616,NIT_nit,mg/L,10,10,2020-11-10,0.001,NA
wainamu,45819,44616,CHM_salt,ppt,10,10,2020-11-10,0.11,NA
wainamu,45819,44616,HYD_temp,degC,10,10,2020-11-10,15.45,NA
wainamu,45819,44616,NIT_tn,mg/L,10,10,2020-11-10,0.189,NA
wainamu,45819,44616,PHS_tp,mg/L,10,10,2020-11-10,0.012,NA
wainamu,45819,44616,CHM_oxy,mg/L,11,11,2020-11-10,0.18,NA
wainamu,45819,44616,CHM_salt,ppt,11,11,2020-11-10,0.11,NA
wainamu,45819,44616,HYD_temp,degC,11,11,2020-11-10,15.26,NA
wainamu,45819,44616,CHM_oxy,mg/L,12,12,2020-11-10,0.11,NA
wainamu,45819,44616,CHM_salt,ppt,12,12,2020-11-10,0.12,NA
wainamu,45819,44616,HYD_temp,degC,12,12,2020-11-10,15.19,NA
wainamu,45819,44616,CHM_oxy,mg/L,2,2,2020-11-10,9.27,NA
wainamu,45819,44616,CHM_salt,ppt,2,2,2020-11-10,0.11,NA
wainamu,45819,44616,HYD_temp,degC,2,2,2020-11-10,19.01,NA
wainamu,45819,44616,PHY_tchla,ug/L,3,3,2020-11-10,6.7,NA
wainamu,45819,44616,CHM_oxy,mg/L,3,3,2020-11-10,9.08,NA
wainamu,45819,44616,CAR_doc,mg/L,3,3,2020-11-10,2.9,NA
wainamu,45819,44616,PHS_frp,mg/L,3,3,2020-11-10,0.001,NA
wainamu,45819,44616,NIT_amm,mg/L,3,3,2020-11-10,0.005,NA
wainamu,45819,44616,NIT_nit,mg/L,3,3,2020-11-10,0.001,NA
wainamu,45819,44616,CHM_salt,ppt,3,3,2020-11-10,0.11,NA
wainamu,45819,44616,HYD_temp,degC,3,3,2020-11-10,18.97,NA
wainamu,45819,44616,NIT_tn,mg/L,3,3,2020-11-10,0.192,NA
wainamu,45819,44616,PHS_tp,mg/L,3,3,2020-11-10,0.011,NA
wainamu,45819,44616,CHM_oxy,mg/L,4,4,2020-11-10,8.29,NA
wainamu,45819,44616,CHM_salt,ppt,4,4,2020-11-10,0.11,NA
wainamu,45819,44616,HYD_temp,degC,4,4,2020-11-10,18.83,NA
wainamu,45819,44616,CHM_oxy,mg/L,5,5,2020-11-10,7.91,NA
wainamu,45819,44616,CHM_salt,ppt,5,5,2020-11-10,0.11,NA
wainamu,45819,44616,HYD_temp,degC,5,5,2020-11-10,18.5,NA
wainamu,45819,44616,CHM_oxy,mg/L,6,6,2020-11-10,7.47,NA
wainamu,45819,44616,CHM_salt,ppt,6,6,2020-11-10,0.11,NA
wainamu,45819,44616,HYD_temp,degC,6,6,2020-11-10,17.96,NA
wainamu,45819,44616,CHM_oxy,mg/L,7,7,2020-11-10,4.72,NA
wainamu,45819,44616,CHM_salt,ppt,7,7,2020-11-10,0.11,NA
wainamu,45819,44616,HYD_temp,degC,7,7,2020-11-10,16.63,NA
wainamu,45819,44616,CHM_oxy,mg/L,8,8,2020-11-10,2.66,NA
wainamu,45819,44616,CHM_salt,ppt,8,8,2020-11-10,0.11,NA
wainamu,45819,44616,HYD_temp,degC,8,8,2020-11-10,15.84,NA
wainamu,45819,44616,CHM_oxy,mg/L,9,9,2020-11-10,0.99,NA
wainamu,45819,44616,CHM_salt,ppt,9,9,2020-11-10,0.11,NA
wainamu,45819,44616,HYD_temp,degC,9,9,2020-11-10,15.57,NA
wainamu,45819,44616,PHY_cyano,mm^3/L,0,0,2020-12-09,0.011,NA
wainamu,45819,44616,CHM_oxy,mg/L,0,0,2020-12-09,8.83,NA
wainamu,45819,44616,CHM_salt,ppt,0,0,2020-12-09,0.11,NA
wainamu,45819,44616,RAD_secchi,m,0,0,2020-12-09,2.16,NA
wainamu,45819,44616,HYD_temp,degC,0,0,2020-12-09,20.88,NA
wainamu,45819,44616,CHM_oxy,mg/L,1,1,2020-12-09,8.69,NA
wainamu,45819,44616,CHM_salt,ppt,1,1,2020-12-09,0.11,NA
wainamu,45819,44616,HYD_temp,degC,1,1,2020-12-09,20.54,NA
wainamu,45819,44616,CHM_oxy,mg/L,10,10,2020-12-09,0.07,NA
wainamu,45819,44616,CHM_salt,ppt,10,10,2020-12-09,0.12,NA
wainamu,45819,44616,HYD_temp,degC,10,10,2020-12-09,16.47,NA
wainamu,45819,44616,CHM_oxy,mg/L,11,11,2020-12-09,0.06,NA
wainamu,45819,44616,CHM_salt,ppt,11,11,2020-12-09,0.12,NA
wainamu,45819,44616,HYD_temp,degC,11,11,2020-12-09,15.75,NA
wainamu,45819,44616,CHM_oxy,mg/L,2,2,2020-12-09,8.49,NA
wainamu,45819,44616,CHM_salt,ppt,2,2,2020-12-09,0.11,NA
wainamu,45819,44616,HYD_temp,degC,2,2,2020-12-09,20.45,NA
wainamu,45819,44616,PHY_tchla,ug/L,3,3,2020-12-09,6,NA
wainamu,45819,44616,CHM_oxy,mg/L,3,3,2020-12-09,8.1,NA
wainamu,45819,44616,CAR_doc,mg/L,3,3,2020-12-09,2.9,NA
wainamu,45819,44616,PHS_frp,mg/L,3,3,2020-12-09,0.003,NA
wainamu,45819,44616,NIT_amm,mg/L,3,3,2020-12-09,0.005,NA
wainamu,45819,44616,NIT_nit,mg/L,3,3,2020-12-09,0.002,NA
wainamu,45819,44616,CHM_salt,ppt,3,3,2020-12-09,0.11,NA
wainamu,45819,44616,HYD_temp,degC,3,3,2020-12-09,20.04,NA
wainamu,45819,44616,NIT_tn,mg/L,3,3,2020-12-09,0.182,NA
wainamu,45819,44616,PHS_tp,mg/L,3,3,2020-12-09,0.008,NA
wainamu,45819,44616,CHM_oxy,mg/L,4,4,2020-12-09,7.98,NA
wainamu,45819,44616,CHM_salt,ppt,4,4,2020-12-09,0.11,NA
wainamu,45819,44616,HYD_temp,degC,4,4,2020-12-09,19.94,NA
wainamu,45819,44616,CHM_oxy,mg/L,5,5,2020-12-09,7.86,NA
wainamu,45819,44616,CHM_salt,ppt,5,5,2020-12-09,0.11,NA
wainamu,45819,44616,HYD_temp,degC,5,5,2020-12-09,19.84,NA
wainamu,45819,44616,CHM_oxy,mg/L,6,6,2020-12-09,7.61,NA
wainamu,45819,44616,CHM_salt,ppt,6,6,2020-12-09,0.11,NA
wainamu,45819,44616,HYD_temp,degC,6,6,2020-12-09,19.78,NA
wainamu,45819,44616,CHM_oxy,mg/L,7,7,2020-12-09,7.33,NA
wainamu,45819,44616,CHM_salt,ppt,7,7,2020-12-09,0.11,NA
wainamu,45819,44616,HYD_temp,degC,7,7,2020-12-09,19.68,NA
wainamu,45819,44616,CHM_oxy,mg/L,8,8,2020-12-09,5.01,NA
wainamu,45819,44616,PHS_frp,mg/L,8,8,2020-12-09,0.003,NA
wainamu,45819,44616,NIT_amm,mg/L,8,8,2020-12-09,0.005,NA
wainamu,45819,44616,NIT_nit,mg/L,8,8,2020-12-09,0.001,NA
wainamu,45819,44616,CHM_salt,ppt,8,8,2020-12-09,0.11,NA
wainamu,45819,44616,HYD_temp,degC,8,8,2020-12-09,18.82,NA
wainamu,45819,44616,NIT_tn,mg/L,8,8,2020-12-09,0.176,NA
wainamu,45819,44616,PHS_tp,mg/L,8,8,2020-12-09,0.009,NA
wainamu,45819,44616,CHM_oxy,mg/L,9,9,2020-12-09,0.12,NA
wainamu,45819,44616,CHM_salt,ppt,9,9,2020-12-09,0.12,NA
wainamu,45819,44616,HYD_temp,degC,9,9,2020-12-09,17.04,NA
wainamu,45819,44616,PHY_cyano,mm^3/L,0,0,2021-01-21,0.005,NA
wainamu,45819,44616,CHM_oxy,mg/L,0,0,2021-01-21,7.43,NA
wainamu,45819,44616,CHM_salt,ppt,0,0,2021-01-21,0.12,NA
wainamu,45819,44616,RAD_secchi,m,0,0,2021-01-21,2.98,NA
wainamu,45819,44616,HYD_temp,degC,0,0,2021-01-21,22.23,NA
wainamu,45819,44616,CHM_oxy,mg/L,1,1,2021-01-21,7.34,NA
wainamu,45819,44616,CHM_salt,ppt,1,1,2021-01-21,0.12,NA
wainamu,45819,44616,HYD_temp,degC,1,1,2021-01-21,22.21,NA
wainamu,45819,44616,CHM_oxy,mg/L,10,10,2021-01-21,0.11,NA
wainamu,45819,44616,PHS_frp,mg/L,10,10,2021-01-21,0.002,NA
wainamu,45819,44616,NIT_amm,mg/L,10,10,2021-01-21,0.014,NA
wainamu,45819,44616,NIT_nit,mg/L,10,10,2021-01-21,0.002,NA
wainamu,45819,44616,CHM_salt,ppt,10,10,2021-01-21,0.12,NA
wainamu,45819,44616,HYD_temp,degC,10,10,2021-01-21,17.3,NA
wainamu,45819,44616,NIT_tn,mg/L,10,10,2021-01-21,0.23,NA
wainamu,45819,44616,PHS_tp,mg/L,10,10,2021-01-21,0.014,NA
wainamu,45819,44616,CHM_oxy,mg/L,11,11,2021-01-21,0.09,NA
wainamu,45819,44616,CHM_salt,ppt,11,11,2021-01-21,0.13,NA
wainamu,45819,44616,HYD_temp,degC,11,11,2021-01-21,16.49,NA
wainamu,45819,44616,CHM_oxy,mg/L,2,2,2021-01-21,7.29,NA
wainamu,45819,44616,CHM_salt,ppt,2,2,2021-01-21,0.12,NA
wainamu,45819,44616,HYD_temp,degC,2,2,2021-01-21,22.2,NA
wainamu,45819,44616,CHM_oxy,mg/L,3,3,2021-01-21,7.25,NA
wainamu,45819,44616,CHM_salt,ppt,3,3,2021-01-21,0.12,NA
wainamu,45819,44616,HYD_temp,degC,3,3,2021-01-21,22.19,NA
wainamu,45819,44616,CHM_oxy,mg/L,4,4,2021-01-21,7.21,NA
wainamu,45819,44616,CHM_salt,ppt,4,4,2021-01-21,0.12,NA
wainamu,45819,44616,HYD_temp,degC,4,4,2021-01-21,22.18,NA
wainamu,45819,44616,CHM_oxy,mg/L,5,5,2021-01-21,7.2,NA
wainamu,45819,44616,CHM_salt,ppt,5,5,2021-01-21,0.12,NA
wainamu,45819,44616,HYD_temp,degC,5,5,2021-01-21,22.19,NA
wainamu,45819,44616,CHM_oxy,mg/L,6,6,2021-01-21,7.16,NA
wainamu,45819,44616,CHM_salt,ppt,6,6,2021-01-21,0.12,NA
wainamu,45819,44616,HYD_temp,degC,6,6,2021-01-21,22.19,NA
wainamu,45819,44616,CHM_oxy,mg/L,7,7,2021-01-21,7.16,NA
wainamu,45819,44616,CHM_salt,ppt,7,7,2021-01-21,0.12,NA
wainamu,45819,44616,HYD_temp,degC,7,7,2021-01-21,22.19,NA
wainamu,45819,44616,PHY_tchla,ug/L,8,8,2021-01-21,9.4,NA
wainamu,45819,44616,CHM_oxy,mg/L,8,8,2021-01-21,0.22,NA
wainamu,45819,44616,CAR_doc,mg/L,8,8,2021-01-21,2.9,NA
wainamu,45819,44616,PHS_frp,mg/L,8,8,2021-01-21,0.001,NA
wainamu,45819,44616,NIT_amm,mg/L,8,8,2021-01-21,0.005,NA
wainamu,45819,44616,NIT_nit,mg/L,8,8,2021-01-21,0.001,NA
wainamu,45819,44616,CHM_salt,ppt,8,8,2021-01-21,0.12,NA
wainamu,45819,44616,HYD_temp,degC,8,8,2021-01-21,19.33,NA
wainamu,45819,44616,NIT_tn,mg/L,8,8,2021-01-21,0.18,NA
wainamu,45819,44616,PHS_tp,mg/L,8,8,2021-01-21,0.009,NA
wainamu,45819,44616,CHM_oxy,mg/L,9,9,2021-01-21,0.14,NA
wainamu,45819,44616,CHM_salt,ppt,9,9,2021-01-21,0.12,NA
wainamu,45819,44616,HYD_temp,degC,9,9,2021-01-21,18.06,NA
wainamu,45819,44616,PHY_cyano,mm^3/L,0,0,2021-02-25,0.18,NA
wainamu,45819,44616,CHM_oxy,mg/L,0,0,2021-02-25,8.56,NA
wainamu,45819,44616,CHM_salt,ppt,0,0,2021-02-25,0.12,NA
wainamu,45819,44616,RAD_secchi,m,0,0,2021-02-25,3.65,NA
wainamu,45819,44616,HYD_temp,degC,0,0,2021-02-25,23.51,NA
wainamu,45819,44616,CHM_oxy,mg/L,1,1,2021-02-25,8.57,NA
wainamu,45819,44616,CHM_salt,ppt,1,1,2021-02-25,0.12,NA
wainamu,45819,44616,HYD_temp,degC,1,1,2021-02-25,23.48,NA
wainamu,45819,44616,CHM_oxy,mg/L,10,10,2021-02-25,0.14,NA
wainamu,45819,44616,CHM_salt,ppt,10,10,2021-02-25,0.13,NA
wainamu,45819,44616,HYD_temp,degC,10,10,2021-02-25,18.89,NA
wainamu,45819,44616,CHM_oxy,mg/L,11,11,2021-02-25,0.13,NA
wainamu,45819,44616,PHS_frp,mg/L,11,11,2021-02-25,0.004,NA
wainamu,45819,44616,NIT_amm,mg/L,11,11,2021-02-25,0.078,NA
wainamu,45819,44616,NIT_nit,mg/L,11,11,2021-02-25,0.01,NA
wainamu,45819,44616,CHM_salt,ppt,11,11,2021-02-25,0.13,NA
wainamu,45819,44616,HYD_temp,degC,11,11,2021-02-25,17.66,NA
wainamu,45819,44616,NIT_tn,mg/L,11,11,2021-02-25,0.22,NA
wainamu,45819,44616,PHS_tp,mg/L,11,11,2021-02-25,0.018,NA
wainamu,45819,44616,CHM_oxy,mg/L,12,12,2021-02-25,0.12,NA
wainamu,45819,44616,CHM_salt,ppt,12,12,2021-02-25,0.14,NA
wainamu,45819,44616,HYD_temp,degC,12,12,2021-02-25,16.99,NA
wainamu,45819,44616,CHM_oxy,mg/L,2,2,2021-02-25,8.53,NA
wainamu,45819,44616,CHM_salt,ppt,2,2,2021-02-25,0.12,NA
wainamu,45819,44616,HYD_temp,degC,2,2,2021-02-25,23.41,NA
wainamu,45819,44616,PHY_tchla,ug/L,3,3,2021-02-25,4.6,NA
wainamu,45819,44616,CHM_oxy,mg/L,3,3,2021-02-25,8.25,NA
wainamu,45819,44616,CAR_doc,mg/L,3,3,2021-02-25,3,NA
wainamu,45819,44616,PHS_frp,mg/L,3,3,2021-02-25,0.001,NA
wainamu,45819,44616,NIT_amm,mg/L,3,3,2021-02-25,0.005,NA
wainamu,45819,44616,NIT_nit,mg/L,3,3,2021-02-25,0.001,NA
wainamu,45819,44616,CHM_salt,ppt,3,3,2021-02-25,0.12,NA
wainamu,45819,44616,HYD_temp,degC,3,3,2021-02-25,23.25,NA
wainamu,45819,44616,NIT_tn,mg/L,3,3,2021-02-25,0.191,NA
wainamu,45819,44616,PHS_tp,mg/L,3,3,2021-02-25,0.009,NA
wainamu,45819,44616,CHM_oxy,mg/L,4,4,2021-02-25,7.55,NA
wainamu,45819,44616,CHM_salt,ppt,4,4,2021-02-25,0.12,NA
wainamu,45819,44616,HYD_temp,degC,4,4,2021-02-25,22.98,NA
wainamu,45819,44616,CHM_oxy,mg/L,5,5,2021-02-25,6.44,NA
wainamu,45819,44616,CHM_salt,ppt,5,5,2021-02-25,0.12,NA
wainamu,45819,44616,HYD_temp,degC,5,5,2021-02-25,22.79,NA
wainamu,45819,44616,CHM_oxy,mg/L,6,6,2021-02-25,3.92,NA
wainamu,45819,44616,CHM_salt,ppt,6,6,2021-02-25,0.12,NA
wainamu,45819,44616,HYD_temp,degC,6,6,2021-02-25,22.48,NA
wainamu,45819,44616,CHM_oxy,mg/L,7,7,2021-02-25,0.3,NA
wainamu,45819,44616,CHM_salt,ppt,7,7,2021-02-25,0.12,NA
wainamu,45819,44616,HYD_temp,degC,7,7,2021-02-25,21.34,NA
wainamu,45819,44616,CHM_oxy,mg/L,8,8,2021-02-25,0.23,NA
wainamu,45819,44616,CHM_salt,ppt,8,8,2021-02-25,0.12,NA
wainamu,45819,44616,HYD_temp,degC,8,8,2021-02-25,20.49,NA
wainamu,45819,44616,CHM_oxy,mg/L,9,9,2021-02-25,0.18,NA
wainamu,45819,44616,CHM_salt,ppt,9,9,2021-02-25,0.12,NA
wainamu,45819,44616,HYD_temp,degC,9,9,2021-02-25,19.76,NA
wainamu,45819,44616,PHY_cyano,mm^3/L,0,0,2021-03-08,0.011,NA
wainamu,45819,44616,CHM_oxy,mg/L,0,0,2021-03-08,7.22,NA
wainamu,45819,44616,CHM_salt,ppt,0,0,2021-03-08,0.12,NA
wainamu,45819,44616,RAD_secchi,m,0,0,2021-03-08,3.17,NA
wainamu,45819,44616,HYD_temp,degC,0,0,2021-03-08,21.81,NA
wainamu,45819,44616,CHM_oxy,mg/L,1,1,2021-03-08,6.98,NA
wainamu,45819,44616,CHM_salt,ppt,1,1,2021-03-08,0.12,NA
wainamu,45819,44616,HYD_temp,degC,1,1,2021-03-08,21.82,NA
wainamu,45819,44616,CHM_oxy,mg/L,10,10,2021-03-08,0.38,NA
wainamu,45819,44616,CHM_salt,ppt,10,10,2021-03-08,0.13,NA
wainamu,45819,44616,HYD_temp,degC,10,10,2021-03-08,19.3,NA
wainamu,45819,44616,CHM_oxy,mg/L,11,11,2021-03-08,0.18,NA
wainamu,45819,44616,PHS_frp,mg/L,11,11,2021-03-08,0.003,NA
wainamu,45819,44616,NIT_amm,mg/L,11,11,2021-03-08,0.059,NA
wainamu,45819,44616,NIT_nit,mg/L,11,11,2021-03-08,0.002,NA
wainamu,45819,44616,CHM_salt,ppt,11,11,2021-03-08,0.14,NA
wainamu,45819,44616,HYD_temp,degC,11,11,2021-03-08,17.59,NA
wainamu,45819,44616,NIT_tn,mg/L,11,11,2021-03-08,0.26,NA
wainamu,45819,44616,PHS_tp,mg/L,11,11,2021-03-08,0.025,NA
wainamu,45819,44616,CHM_oxy,mg/L,2,2,2021-03-08,6.91,NA
wainamu,45819,44616,CHM_salt,ppt,2,2,2021-03-08,0.12,NA
wainamu,45819,44616,HYD_temp,degC,2,2,2021-03-08,21.81,NA
wainamu,45819,44616,CHM_oxy,mg/L,3,3,2021-03-08,6.88,NA
wainamu,45819,44616,CHM_salt,ppt,3,3,2021-03-08,0.12,NA
wainamu,45819,44616,HYD_temp,degC,3,3,2021-03-08,21.81,NA
wainamu,45819,44616,CHM_oxy,mg/L,4,4,2021-03-08,6.88,NA
wainamu,45819,44616,CHM_salt,ppt,4,4,2021-03-08,0.12,NA
wainamu,45819,44616,HYD_temp,degC,4,4,2021-03-08,21.81,NA
wainamu,45819,44616,CHM_oxy,mg/L,5,5,2021-03-08,6.82,NA
wainamu,45819,44616,CHM_salt,ppt,5,5,2021-03-08,0.12,NA
wainamu,45819,44616,HYD_temp,degC,5,5,2021-03-08,21.81,NA
wainamu,45819,44616,CHM_oxy,mg/L,6,6,2021-03-08,6.84,NA
wainamu,45819,44616,CHM_salt,ppt,6,6,2021-03-08,0.12,NA
wainamu,45819,44616,HYD_temp,degC,6,6,2021-03-08,21.82,NA
wainamu,45819,44616,CHM_oxy,mg/L,7,7,2021-03-08,6.78,NA
wainamu,45819,44616,CHM_salt,ppt,7,7,2021-03-08,0.12,NA
wainamu,45819,44616,HYD_temp,degC,7,7,2021-03-08,21.81,NA
wainamu,45819,44616,CHM_oxy,mg/L,8,8,2021-03-08,6.73,NA
wainamu,45819,44616,CHM_salt,ppt,8,8,2021-03-08,0.12,NA
wainamu,45819,44616,HYD_temp,degC,8,8,2021-03-08,21.8,NA
wainamu,45819,44616,PHY_tchla,ug/L,9,9,2021-03-08,5.6,NA
wainamu,45819,44616,CHM_oxy,mg/L,9,9,2021-03-08,6.43,NA
wainamu,45819,44616,CAR_doc,mg/L,9,9,2021-03-08,3.6,NA
wainamu,45819,44616,PHS_frp,mg/L,9,9,2021-03-08,0.002,NA
wainamu,45819,44616,NIT_amm,mg/L,9,9,2021-03-08,0.005,NA
wainamu,45819,44616,NIT_nit,mg/L,9,9,2021-03-08,0.001,NA
wainamu,45819,44616,CHM_salt,ppt,9,9,2021-03-08,0.12,NA
wainamu,45819,44616,HYD_temp,degC,9,9,2021-03-08,21.72,NA
wainamu,45819,44616,NIT_tn,mg/L,9,9,2021-03-08,0.177,NA
wainamu,45819,44616,PHS_tp,mg/L,9,9,2021-03-08,0.008,NA
wainamu,45819,44616,PHY_cyano,mm^3/L,0,0,2021-04-08,0.005,NA
wainamu,45819,44616,CHM_oxy,mg/L,0,0,2021-04-08,8.05,NA
wainamu,45819,44616,CHM_salt,ppt,0,0,2021-04-08,0.12,NA
wainamu,45819,44616,RAD_secchi,m,0,0,2021-04-08,3.54,NA
wainamu,45819,44616,HYD_temp,degC,0,0,2021-04-08,21.39,NA
wainamu,45819,44616,CHM_oxy,mg/L,1,1,2021-04-08,7.89,NA
wainamu,45819,44616,CHM_salt,ppt,1,1,2021-04-08,0.12,NA
wainamu,45819,44616,HYD_temp,degC,1,1,2021-04-08,20.89,NA
wainamu,45819,44616,CHM_oxy,mg/L,10,10,2021-04-08,6.18,NA
wainamu,45819,44616,CHM_salt,ppt,10,10,2021-04-08,0.12,NA
wainamu,45819,44616,HYD_temp,degC,10,10,2021-04-08,20.23,NA
wainamu,45819,44616,CHM_oxy,mg/L,11,11,2021-04-08,0.45,NA
wainamu,45819,44616,CHM_salt,ppt,11,11,2021-04-08,0.14,NA
wainamu,45819,44616,HYD_temp,degC,11,11,2021-04-08,18.87,NA
wainamu,45819,44616,CHM_oxy,mg/L,2,2,2021-04-08,7.58,NA
wainamu,45819,44616,CHM_salt,ppt,2,2,2021-04-08,0.12,NA
wainamu,45819,44616,HYD_temp,degC,2,2,2021-04-08,20.57,NA
wainamu,45819,44616,PHY_tchla,ug/L,3,3,2021-04-08,0.5,NA
wainamu,45819,44616,CHM_oxy,mg/L,3,3,2021-04-08,7.44,NA
wainamu,45819,44616,CAR_doc,mg/L,3,3,2021-04-08,2.6,NA
wainamu,45819,44616,PHS_frp,mg/L,3,3,2021-04-08,0.001,NA
wainamu,45819,44616,NIT_amm,mg/L,3,3,2021-04-08,0.005,NA
wainamu,45819,44616,NIT_nit,mg/L,3,3,2021-04-08,0.001,NA
wainamu,45819,44616,CHM_salt,ppt,3,3,2021-04-08,0.12,NA
wainamu,45819,44616,HYD_temp,degC,3,3,2021-04-08,20.48,NA
wainamu,45819,44616,NIT_tn,mg/L,3,3,2021-04-08,0.16,NA
wainamu,45819,44616,PHS_tp,mg/L,3,3,2021-04-08,0.006,NA
wainamu,45819,44616,CHM_oxy,mg/L,4,4,2021-04-08,6.85,NA
wainamu,45819,44616,CHM_salt,ppt,4,4,2021-04-08,0.12,NA
wainamu,45819,44616,HYD_temp,degC,4,4,2021-04-08,20.41,NA
wainamu,45819,44616,CHM_oxy,mg/L,5,5,2021-04-08,7.14,NA
wainamu,45819,44616,CHM_salt,ppt,5,5,2021-04-08,0.12,NA
wainamu,45819,44616,HYD_temp,degC,5,5,2021-04-08,20.39,NA
wainamu,45819,44616,CHM_oxy,mg/L,6,6,2021-04-08,7.23,NA
wainamu,45819,44616,CHM_salt,ppt,6,6,2021-04-08,0.12,NA
wainamu,45819,44616,HYD_temp,degC,6,6,2021-04-08,20.37,NA
wainamu,45819,44616,CHM_oxy,mg/L,7,7,2021-04-08,7.11,NA
wainamu,45819,44616,CHM_salt,ppt,7,7,2021-04-08,0.12,NA
wainamu,45819,44616,HYD_temp,degC,7,7,2021-04-08,20.37,NA
wainamu,45819,44616,CHM_oxy,mg/L,8,8,2021-04-08,7.17,NA
wainamu,45819,44616,CHM_salt,ppt,8,8,2021-04-08,0.12,NA
wainamu,45819,44616,HYD_temp,degC,8,8,2021-04-08,20.36,NA
wainamu,45819,44616,CHM_oxy,mg/L,9,9,2021-04-08,6.68,NA
wainamu,45819,44616,PHS_frp,mg/L,9,9,2021-04-08,0.001,NA
wainamu,45819,44616,NIT_amm,mg/L,9,9,2021-04-08,0.005,NA
wainamu,45819,44616,NIT_nit,mg/L,9,9,2021-04-08,0.001,NA
wainamu,45819,44616,CHM_salt,ppt,9,9,2021-04-08,0.12,NA
wainamu,45819,44616,HYD_temp,degC,9,9,2021-04-08,20.3,NA
wainamu,45819,44616,NIT_tn,mg/L,9,9,2021-04-08,0.16,NA
wainamu,45819,44616,PHS_tp,mg/L,9,9,2021-04-08,0.006,NA
wainamu,45819,44616,PHY_cyano,mm^3/L,0,0,2021-05-11,0.017,NA
wainamu,45819,44616,CHM_oxy,mg/L,0,0,2021-05-11,9.42,NA
wainamu,45819,44616,CHM_salt,ppt,0,0,2021-05-11,0.12,NA
wainamu,45819,44616,RAD_secchi,m,0,0,2021-05-11,3.52,NA
wainamu,45819,44616,HYD_temp,degC,0,0,2021-05-11,17.68,NA
wainamu,45819,44616,CHM_oxy,mg/L,1,1,2021-05-11,9.39,NA
wainamu,45819,44616,CHM_salt,ppt,1,1,2021-05-11,0.12,NA
wainamu,45819,44616,HYD_temp,degC,1,1,2021-05-11,17.66,NA
wainamu,45819,44616,CHM_oxy,mg/L,10,10,2021-05-11,7.29,NA
wainamu,45819,44616,CHM_salt,ppt,10,10,2021-05-11,0.12,NA
wainamu,45819,44616,HYD_temp,degC,10,10,2021-05-11,17.24,NA
wainamu,45819,44616,CHM_oxy,mg/L,11,11,2021-05-11,7.15,NA
wainamu,45819,44616,CHM_salt,ppt,11,11,2021-05-11,0.12,NA
wainamu,45819,44616,HYD_temp,degC,11,11,2021-05-11,17.25,NA
wainamu,45819,44616,CHM_oxy,mg/L,2,2,2021-05-11,9.33,NA
wainamu,45819,44616,CHM_salt,ppt,2,2,2021-05-11,0.12,NA
wainamu,45819,44616,HYD_temp,degC,2,2,2021-05-11,17.65,NA
wainamu,45819,44616,PHY_tchla,ug/L,3,3,2021-05-11,12.8,NA
wainamu,45819,44616,CHM_oxy,mg/L,3,3,2021-05-11,9.08,NA
wainamu,45819,44616,CAR_doc,mg/L,3,3,2021-05-11,2.2,NA
wainamu,45819,44616,PHS_frp,mg/L,3,3,2021-05-11,0.001,NA
wainamu,45819,44616,NIT_amm,mg/L,3,3,2021-05-11,0.005,NA
wainamu,45819,44616,NIT_nit,mg/L,3,3,2021-05-11,0.001,NA
wainamu,45819,44616,CHM_salt,ppt,3,3,2021-05-11,0.12,NA
wainamu,45819,44616,HYD_temp,degC,3,3,2021-05-11,17.55,NA
wainamu,45819,44616,NIT_tn,mg/L,3,3,2021-05-11,0.167,NA
wainamu,45819,44616,PHS_tp,mg/L,3,3,2021-05-11,0.008,NA
wainamu,45819,44616,CHM_oxy,mg/L,4,4,2021-05-11,8.34,NA
wainamu,45819,44616,CHM_salt,ppt,4,4,2021-05-11,0.12,NA
wainamu,45819,44616,HYD_temp,degC,4,4,2021-05-11,17.43,NA
wainamu,45819,44616,CHM_oxy,mg/L,5,5,2021-05-11,8.21,NA
wainamu,45819,44616,CHM_salt,ppt,5,5,2021-05-11,0.12,NA
wainamu,45819,44616,HYD_temp,degC,5,5,2021-05-11,17.39,NA
wainamu,45819,44616,CHM_oxy,mg/L,6,6,2021-05-11,8.15,NA
wainamu,45819,44616,CHM_salt,ppt,6,6,2021-05-11,0.12,NA
wainamu,45819,44616,HYD_temp,degC,6,6,2021-05-11,17.33,NA
wainamu,45819,44616,CHM_oxy,mg/L,7,7,2021-05-11,7.89,NA
wainamu,45819,44616,CHM_salt,ppt,7,7,2021-05-11,0.12,NA
wainamu,45819,44616,HYD_temp,degC,7,7,2021-05-11,17.31,NA
wainamu,45819,44616,CHM_oxy,mg/L,8,8,2021-05-11,7.6,NA
wainamu,45819,44616,CHM_salt,ppt,8,8,2021-05-11,0.12,NA
wainamu,45819,44616,HYD_temp,degC,8,8,2021-05-11,17.28,NA
wainamu,45819,44616,CHM_oxy,mg/L,9,9,2021-05-11,7.4,NA
wainamu,45819,44616,PHS_frp,mg/L,9,9,2021-05-11,0.001,NA
wainamu,45819,44616,NIT_amm,mg/L,9,9,2021-05-11,0.005,NA
wainamu,45819,44616,NIT_nit,mg/L,9,9,2021-05-11,0.001,NA
wainamu,45819,44616,CHM_salt,ppt,9,9,2021-05-11,0.12,NA
wainamu,45819,44616,HYD_temp,degC,9,9,2021-05-11,17.26,NA
wainamu,45819,44616,NIT_tn,mg/L,9,9,2021-05-11,0.149,NA
wainamu,45819,44616,PHS_tp,mg/L,9,9,2021-05-11,0.004,NA
wainamu,45819,44616,PHY_cyano,mm^3/L,0,0,2021-06-10,0.101,NA
wainamu,45819,44616,CHM_oxy,mg/L,0,0,2021-06-10,10.09,NA
wainamu,45819,44616,CHM_salt,ppt,0,0,2021-06-10,0.12,NA
wainamu,45819,44616,RAD_secchi,m,0,0,2021-06-10,3.2,NA
wainamu,45819,44616,HYD_temp,degC,0,0,2021-06-10,14.71,NA
wainamu,45819,44616,CHM_oxy,mg/L,1,1,2021-06-10,10.08,NA
wainamu,45819,44616,CHM_salt,ppt,1,1,2021-06-10,0.12,NA
wainamu,45819,44616,HYD_temp,degC,1,1,2021-06-10,14.65,NA
wainamu,45819,44616,CHM_oxy,mg/L,10,10,2021-06-10,8.93,NA
wainamu,45819,44616,CHM_salt,ppt,10,10,2021-06-10,0.12,NA
wainamu,45819,44616,HYD_temp,degC,10,10,2021-06-10,14.27,NA
wainamu,45819,44616,CHM_oxy,mg/L,11,11,2021-06-10,8.71,NA
wainamu,45819,44616,CHM_salt,ppt,11,11,2021-06-10,0.12,NA
wainamu,45819,44616,HYD_temp,degC,11,11,2021-06-10,14.25,NA
wainamu,45819,44616,CHM_oxy,mg/L,12,12,2021-06-10,8.32,NA
wainamu,45819,44616,CHM_salt,ppt,12,12,2021-06-10,0.12,NA
wainamu,45819,44616,HYD_temp,degC,12,12,2021-06-10,14.25,NA
wainamu,45819,44616,CHM_oxy,mg/L,2,2,2021-06-10,10,NA
wainamu,45819,44616,CHM_salt,ppt,2,2,2021-06-10,0.12,NA
wainamu,45819,44616,HYD_temp,degC,2,2,2021-06-10,14.5,NA
wainamu,45819,44616,PHY_tchla,ug/L,3,3,2021-06-10,9.3,NA
wainamu,45819,44616,CHM_oxy,mg/L,3,3,2021-06-10,9.87,NA
wainamu,45819,44616,CAR_doc,mg/L,3,3,2021-06-10,1.8,NA
wainamu,45819,44616,PHS_frp,mg/L,3,3,2021-06-10,0.001,NA
wainamu,45819,44616,NIT_amm,mg/L,3,3,2021-06-10,0.005,NA
wainamu,45819,44616,NIT_nit,mg/L,3,3,2021-06-10,0.001,NA
wainamu,45819,44616,CHM_salt,ppt,3,3,2021-06-10,0.12,NA
wainamu,45819,44616,HYD_temp,degC,3,3,2021-06-10,14.45,NA
wainamu,45819,44616,NIT_tn,mg/L,3,3,2021-06-10,0.185,NA
wainamu,45819,44616,PHS_tp,mg/L,3,3,2021-06-10,0.011,NA
wainamu,45819,44616,CHM_oxy,mg/L,4,4,2021-06-10,9.61,NA
wainamu,45819,44616,CHM_salt,ppt,4,4,2021-06-10,0.12,NA
wainamu,45819,44616,HYD_temp,degC,4,4,2021-06-10,14.39,NA
wainamu,45819,44616,CHM_oxy,mg/L,5,5,2021-06-10,9.49,NA
wainamu,45819,44616,CHM_salt,ppt,5,5,2021-06-10,0.12,NA
wainamu,45819,44616,HYD_temp,degC,5,5,2021-06-10,14.36,NA
wainamu,45819,44616,CHM_oxy,mg/L,6,6,2021-06-10,9.38,NA
wainamu,45819,44616,CHM_salt,ppt,6,6,2021-06-10,0.12,NA
wainamu,45819,44616,HYD_temp,degC,6,6,2021-06-10,14.33,NA
wainamu,45819,44616,CHM_oxy,mg/L,7,7,2021-06-10,9.3,NA
wainamu,45819,44616,CHM_salt,ppt,7,7,2021-06-10,0.12,NA
wainamu,45819,44616,HYD_temp,degC,7,7,2021-06-10,14.32,NA
wainamu,45819,44616,CHM_oxy,mg/L,8,8,2021-06-10,9.25,NA
wainamu,45819,44616,CHM_salt,ppt,8,8,2021-06-10,0.12,NA
wainamu,45819,44616,HYD_temp,degC,8,8,2021-06-10,14.31,NA
wainamu,45819,44616,CHM_oxy,mg/L,9,9,2021-06-10,9.23,NA
wainamu,45819,44616,PHS_frp,mg/L,9,9,2021-06-10,0.001,NA
wainamu,45819,44616,NIT_amm,mg/L,9,9,2021-06-10,0.005,NA
wainamu,45819,44616,NIT_nit,mg/L,9,9,2021-06-10,0.001,NA
wainamu,45819,44616,CHM_salt,ppt,9,9,2021-06-10,0.12,NA
wainamu,45819,44616,HYD_temp,degC,9,9,2021-06-10,14.31,NA
wainamu,45819,44616,NIT_tn,mg/L,9,9,2021-06-10,0.177,NA
wainamu,45819,44616,PHS_tp,mg/L,9,9,2021-06-10,0.006,NA
